file_name,description
  realism-lion-bicep-tattoo-with-honeycomb-pattern.png, The lion's mane flows like golden wheat as honeycomb patterns weave ancient geometric secrets.
  realism-owl-shoulder-animal-tattoo.jpg, Wise eyes pierce through shadow realms where Odin's ravens whisper forgotten battlefield tales.
  realistic-viper-snake-chest-tattoo.jpg, Jormungandr's descendant coils across ribs scales catching moonlight like silver chain mail.
  realism-dog-portrait-forearm-tattoo.jpg, Faithful guardian eternally watches over warrior's arm loyalty carved in obsidian and ash.
  realistic-wasp-blackwork-neck-tattoo.jpg, Venomous striker hovers at throat's edge wings humming ancient battle hymns of fury.
  realism-cheetah-floral-splash-leg-tattoo.jpg, Swift hunter leaps through wildflower meadows where Freya's tears once blessed the earth.
  realism-gorilla-sleeve-tattoo-with-geometry.jpg, Primal strength meets sacred symbols as geometric patterns crown the forest king's wisdom.
  realistic-tiger-blackwork-cover-up-chest-tattoo.jpg, Striped predator emerges from darkness reclaiming territory with claws sharp as Viking steel.
  realistic-cheshire-cat-tattoo-thigh.jpg, Mischievous grin fades into ethereal mist where reality bends like heated iron chains.
  dark-realism-reaper-cemetery-full-backpiece.jpg, Death walks among weathered stones where fallen warriors await their final horn call.
  realistic-anchor-forearm-splash-design-tattoo.jpg, Iron anchor holds fast against storm waves while seafoam dances with starlight spray.
  realism-jesus-christ-crucifixion-forearm-tattoo.jpg, Divine sacrifice etched in flesh reminds mortals that even gods bleed for redemption.
  realism-mountain-forest-father-son-half-sleeve-tattoo.jpg, Sacred bond transcends time as mountain peaks witness generational strength passing down.
  custom-samurai-armor-tattoo-full-sleeve-female-warrior.png, Steel plates shine like moon-kissed scales protecting the heart of a battle maiden.
  realistic-lemmy-kilmister-portrait-arm-tattoo.jpg, Rock god's visage carved in skin where music meets mythology in thunderous harmony.
  hyperrealistic-queen-of-earh-afro-sleeve-tattoo3.jpg, Earth mother's crown reflects starlight as natural beauty defies time's cruel passage.
  hyperrealistic-queen-of-earh-elephant-afro-sleeve-tattoo2.jpg, Gentle giant guards wisdom keeper whose eyes hold secrets of ancient tribal lore.
  hyperrealistic-queen-of-earth-elephant-afro-sleeve-tattoo.jpg, Majestic beast and earth queen unite in eternal dance of strength and grace.
  lotus-flowers-leg-tattoo.jpg, Sacred petals unfurl like morning mist ascending from tranquil waters of enlightenment.
  flowers-fineline-arm-tattoo.jpg, Delicate blooms trace veins where life force flows like honey through summer meadows.
  roses-fineline-chest-tattoo.jpg, Thorned beauty guards the heart while petals whisper secrets of eternal love.
  peony-flowers-fineline-arm-tattoo.jpg, Noble blossoms crown the warrior's arm with prosperity and honor's sweet fragrance.
  fineline-floral-forearm-blackwork1.jpg, Shadow flowers bloom where darkness meets light in nature's eternal gentle balance.
  fineline-floral-forearm-blackwork2.jpg, Midnight garden traces skin where moonbeams kiss petals carved in obsidian ink.
  fineline-floral-forearm-blackwork3.jpg, Ethereal vines wrap around bone like forest spirits claiming their sacred territory.
  peony-flowers-fineline-side-tattoo.jpg, Imperial blooms cascade down ribs like tears of joy from heaven's garden.
  iris-flowers-fineline-clavicle-tattoo.jpg, Royal purple flames dance along collarbone where nobility meets divine warrior spirit.
  lotus-rose-floral-fineline-leg-tattoo.jpg, East meets west as sacred lotus embraces thorned rose in eternal harmony.
  fineline-snake-floral-forearm-blackwork.jpg, Serpent winds through garden paradise where temptation blooms in forbidden beauty.
  snake-flowers-fineline-stomach-side-tattoo.jpg, Ancient knowledge coils around flowering wisdom as Eden's secrets unfold in skin.
  snake-flowers-fineline-abdominal-side-tattoo.jpg, Seductive curves embrace blossoming truth where vulnerability meets protective power.
  fine-line-sacred-owl-back-tattoo.jpg, Wisdom keeper spreads wings across shoulder blades where knowledge takes sacred flight.
  fineline-colibri-bird-forearm-tattoo.jpg, Tiny heart beats rapidly as hummingbird carries messages between realms of existence.
  symbolic-mother-child-sketch-arm-tattoo.jpg, Eternal bond sketched in flowing lines where love transcends mortal flesh forever.
  deathly-hallows-custom-fineline-arm-tattoo1.jpg, Three sacred symbols unite as death's mastery whispers through magical geometric power.
  deathly-hallows-custom-fineline-arm-tattoo2.jpg, Mystic triangle holds ancient secrets where magic and mortality dance their final waltz.
  forearm-butterfly-fragment-abstract-fine-line-tattoo.jpg, Transformation captured mid-flight as delicate wings embrace change with ethereal grace.
  odin-viking-god-realism-sleeve-tattoo.jpg, All-Father's piercing gaze watches over mortals while ravens perch on wisdom's ancient throne.